Workbook

Sheet Tổng Quan Chi Phí
B2: BÁO CÁO TÀI CHÍNH CHUẨN XÁC
B3: Cập nhật cấu trúc học phí lũy tiến
B5: Hạng Mục | C5: Tổng Gốc (VNĐ) | D5: Thực Phải Nộp (VNĐ)
B6: 1. Định hướng & Tiếng Anh | C6: =SUM('Học Phí Lũy Tiến'!F6:F12) | D6: =SUM('Học Phí Lũy Tiến'!H6:H12)
B7: 2. Chuyên ngành (9 kỳ lùi) | C7: =SUM('Học Phí Lũy Tiến'!F13:F21) | D7: =SUM('Học Phí Lũy Tiến'!H13:H21)
B8: 3. Sinh hoạt phí (48 tháng) | C8: ='Sinh Hoạt Phí'!F10 | D8: ='Sinh Hoạt Phí'!F10
B9: TỔNG CHI PHÍ TOÀN KHÓA | C9: =SUM(C6:C8) | D9: =SUM(D6:D8)

Sheet Học Phí Lũy Tiến
B2: BẢNG TÍNH HỌC PHÍ LŨY TIẾN ĐẠI HỌC FPT - CAMPUS HÀ NỘI
B3: Ngành: Trí tuệ Nhân tạo | Học bổng: 50% | Nguồn: Bảng giá gốc khóa 21
B5: STT | C5: Giai Đoạn Học | D5: Số Lượng | E5: Đơn Giá Gốc (VNĐ) | F5: Tổng Gốc (VNĐ) | G5: Áp Dụng HB | H5: Thực Phải Nộp (VNĐ) | I5: Ghi chú theo hình ảnh
B6: 1 | C6: Học phí kỳ định hướng | D6: 1 | E6: 13100000 | F6: =D6*E6 | G6: 0.5 | H6: =F6*(1-G6) | I6: Mục (*) Sinh viên mới nhập học
B7: 2 | C7: Tiếng Anh - Mức 1 | D7: 1 | E7: 13100000 | F7: =D7*E7 | G7: 0.5 | H7: =F7*(1-G7) | I7: Mục (**) Tối đa 6 mức
B8: 3 | C8: Tiếng Anh - Mức 2 | D8: 1 | E8: 13100000 | F8: =D8*E8 | G8: 0.5 | H8: =F8*(1-G8)
B9: 4 | C9: Tiếng Anh - Mức 3 | D9: 1 | E9: 13100000 | F9: =D9*E9 | G9: 0.5 | H9: =F9*(1-G9)
B10: 5 | C10: Tiếng Anh - Mức 4 | D10: 1 | E10: 13100000 | F10: =D10*E10 | G10: 0.5 | H10: =F10*(1-G10)
B11: 6 | C11: Tiếng Anh - Mức 5 | D11: 1 | E11: 13100000 | F11: =D11*E11 | G11: 0.5 | H11: =F11*(1-G11)
B12: 7 | C12: Tiếng Anh - Mức 6 | D12: 1 | E12: 13100000 | F12: =D12*E12 | G12: 0.5 | H12: =F12*(1-G12)
B13: 8 | C13: Chuyên ngành - Học kỳ 1 | D13: 1 | E13: 31600000 | F13: =D13*E13 | G13: 0.5 | H13: =F13*(1-G13) | I13: Thuộc 3 học kỳ đầu
B14: 9 | C14: Chuyên ngành - Học kỳ 2 | D14: 1 | E14: 31600000 | F14: =D14*E14 | G14: 0.5 | H14: =F14*(1-G14) | I14: Thuộc 3 học kỳ đầu
B15: 10 | C15: Chuyên ngành - Học kỳ 3 | D15: 1 | E15: 31600000 | F15: =D15*E15 | G15: 0.5 | H15: =F15*(1-G15) | I15: Thuộc 3 học kỳ đầu
B16: 11 | C16: Chuyên ngành - Học kỳ 4 | D16: 1 | E16: 33600000 | F16: =D16*E16 | G16: 0.5 | H16: =F16*(1-G16) | I16: Thuộc 3 học kỳ tiếp theo
B17: 12 | C17: Chuyên ngành - Học kỳ 5 | D17: 1 | E17: 33600000 | F17: =D17*E17 | G17: 0.5 | H17: =F17*(1-G17) | I17: Thuộc 3 học kỳ tiếp theo
B18: 13 | C18: Chuyên ngành - Học kỳ 6 | D18: 1 | E18: 33600000 | F18: =D18*E18 | G18: 0.5 | H18: =F18*(1-G18) | I18: Thuộc 3 học kỳ tiếp theo
B19: 14 | C19: Chuyên ngành - Học kỳ 7 | D19: 1 | E19: 35800000 | F19: =D19*E19 | G19: 0.5 | H19: =F19*(1-G19) | I19: Thuộc 3 học kỳ cuối
B20: 15 | C20: Chuyên ngành - Học kỳ 8 | D20: 1 | E20: 35800000 | F20: =D20*E20 | G20: 0.5 | H20: =F20*(1-G20) | I20: Thuộc 3 học kỳ cuối
B21: 16 | C21: Chuyên ngành - Học kỳ 9 | D21: 1 | E21: 35800000 | F21: =D21*E21 | G21: 0.5 | H21: =F21*(1-G21) | I21: Thuộc 3 học kỳ cuối
C22: TỔNG HỌC PHÍ ĐÀO TẠO (VNĐ) | F22: =SUM(F6:F21) | H22: =SUM(H6:H21)

Sheet Sinh Hoạt Phí
B2: CHI PHÍ SINH HOẠT DỰ KIẾN (48 THÁNG)
B4: STT | C4: Hạng Mục | D4: Phí/Tháng | E4: Tháng | F4: Tổng (VNĐ)
B5: 1 | C5: Phòng trọ/KTX | D5: 1800000 | E5: 48 | F5: =D5*E5
B6: 2 | C6: Ăn uống | D6: 3000000 | E6: 48 | F6: =D6*E6
B7: 3 | C7: Đi lại, Xăng xe | D7: 400000 | E7: 48 | F7: =D7*E7
B8: 4 | C8: Điện, nước, net | D8: 500000 | E8: 48 | F8: =D8*E8
B9: 5 | C9: Y tế, dự phòng | D9: 300000 | E9: 48 | F9: =D9*E9
C10: TỔNG SINH HOẠT PHÍ | F10: =SUM(F5:F9)
