Workbook

Sheet Tổng Quan Chi Phí
A2: BÁO CÁO HOẠCH ĐỊNH TÀI CHÍNH TOÀN KHÓA ĐẠI HỌC FPT 2026
A3: Hệ thống tự động đồng bộ và tối ưu hóa chi phí dựa trên dữ liệu học bổng
A5: Hạng Mục Chi Phí Tổng Thể | B5: Giá Trị Thực Đóng (VNĐ) | D5: CHỈ SỐ TỐI ƯU NHỜ HỌC BỔNG
A6: 1. Lệ phí nhập học ban đầu | B6: ='Học Phí Chi Tiết'!G6 -> 4600000 | D6: Số tiền tiết kiệm được từ học phí gốc:
A7: 2. Tổng học phí Tiếng Anh (6 mức) | B7: =SUM('Học Phí Chi Tiết'!G7:G12) -> 39300000 | D7: ='Học Phí Chi Tiết'!E14-'Học Phí Chi Tiết'!G14 -> 190800000
A8: 3. Tổng học phí chuyên ngành (9 kỳ) | B8: ='Học Phí Chi Tiết'!G13 -> 151500000
A9: 4. Tổng chi phí sinh hoạt dự kiến (48 tháng) | B9: ='Sinh Hoạt Phí Dự Kiến'!E11 -> 208320000
A10: TỔNG NĂNG LỰC TÀI CHÍNH CẦN CHUẨN BỊ | B10: =SUM(B6:B9) -> 403720000

Sheet Học Phí Chi Tiết
A1: CHI TIẾT CÁC KHOẢN HỌC PHÍ & PHỤ PHÍ ĐẠI HỌC FPT 2026
A4: Đối tượng: Phạm Văn Chung | Ngành: Khoa học Dữ liệu & AI | Học bổng: 50% Bản lĩnh Thế hệ
A5: STT | B5: Khoản Mục Chi Phí | C5: Đơn Giá Gốc (VNĐ) | D5: Số Lượng / Số Kỳ | E5: Tổng Chi Phí Gốc (VNĐ) | F5: Mức Giảm Học Bổng | G5: Học Phí Thực Nộp (VNĐ) | H5: Ghi Chú
A6: 1 | B6: Lệ phí nhập học chính thức | C6: 4600000 | D6: 1 | E6: =C6*D6 -> 4600000 | F6: 0 | G6: =E6 -> 4600000 | H6: Không áp dụng
A7: 2 | B7: Học phí tiếng Anh dự bị - Level 1 | C7: 13100000 | D7: 1 | E7: =C7*D7 -> 13100000 | F7: 0.5 | G7: =E7*(1-F7) -> 6550000 | H7: Thời gian học 2 tháng/mức
A8: 3 | B8: Học phí tiếng Anh dự bị - Level 2 | C8: 13100000 | D8: 1 | E8: =C8*D8 -> 13100000 | F8: 0.5 | G8: =E8*(1-F8) -> 6550000 | H8: Thời gian học 2 tháng/mức
A9: 4 | B9: Học phí tiếng Anh dự bị - Level 3 | C9: 13100000 | D9: 1 | E9: =C9*D9 -> 13100000 | F9: 0.5 | G9: =E9*(1-F9) -> 6550000 | H9: Thời gian học 2 tháng/mức
A10: 5 | B10: Học phí tiếng Anh dự bị - Level 4 | C10: 13100000 | D10: 1 | E10: =C10*D10 -> 13100000 | F10: 0.5 | G10: =E10*(1-F10) -> 6550000 | H10: Thời gian học 2 tháng/mức
A11: 6 | B11: Học phí tiếng Anh dự bị - Level 5 | C11: 13100000 | D11: 1 | E11: =C11*D11 -> 13100000 | F11: 0.5 | G11: =E11*(1-F11) -> 6550000 | H11: Thời gian học 2 tháng/mức
A12: 7 | B12: Học phí tiếng Anh dự bị - Level 6 | C12: 13100000 | D12: 1 | E12: =C12*D12 -> 13100000 | F12: 0.5 | G12: =E12*(1-F12) -> 6550000 | H12: Mức tiếng Anh cao nhất bắt buộc
A13: 8 | B13: Học phí chuyên ngành (Kỳ 1 đến Kỳ 9) | C13: 303000000 | D13: 9 | E13: =C13 -> 303000000 | F13: 0.5 | G13: =E13*(1-F13) -> 151500000 | H13: Đã bao gồm học kỳ OJT thực tập DN
A14: => | B14: TỔNG CỘNG CHI PHÍ ĐÀO TẠO | E14: =SUM(E6:E13) -> 386200000 | G14: =SUM(G6:G13) -> 195400000
B15: TÍCH KIỆM | C15: =E14-G14 -> 190800000

Sheet Sinh Hoạt Phí Dự Kiến
A1: ƯỚC TÍNH CHI PHÍ SINH HOẠT TOÀN KHÓA (4 KỲ TIẾNG ANH + 9 KỲ CHUYÊN NGÀNH)
A4: Căn cứ tính toán: Sinh hoạt tại Khu công nghệ cao Hòa Lạc (Ước tính 48 tháng học tập)
A5: STT | B5: Danh Mục Chi Phí Sinh Hoạt ( Ước Tính ) | C5: Chi Phí / Tháng (VNĐ) | D5: Số Tháng Tích Lũy | E5: Tổng Chi Phí Toàn Khóa (VNĐ) | F5: Ghi Chú Biện Giải
A6: 1 | B6: Tiền thuê phòng trọ / Ký túc xá Hòa Lạc | C6: 1500000 | D6: 48 | E6: =C6*D6 -> 72000000 | F6: Ước tính phòng ở ghép hoặc KTX trường
A7: 2 | B7: Chi phí ăn uống nhu cầu cơ bản | C7: 2000000 | D7: 48 | E7: =C7*D7 -> 96000000 | F7: Tính trung bình 100.000 VNĐ/ngày
A8: 3 | B8: Chi phí di chuyển, xăng xe, xe bus ( Đi Chơi ) | C8: 500000 | D8: 48 | E8: =C8*D8 -> 24000000 | F8: Di chuyển giữa Hòa Lạc và Nội thành
A9: 4 | B9: Chi phí Internet, điện thoại, điện nước | C9: 240000 | D9: 48 | E9: =C9*D9 -> 11520000 | F9: Chia đều theo đầu người phòng trọ
A10: 5 | B10: Bảo hiểm y tế & Chi phí y tế phát sinh | C10: 100000 | D10: 48 | E10: =C10*D10 -> 4800000 | F10: Dự phòng y tế bắt buộc và cá nhân
A11: => | B11: TỔNG CỘNG CHI PHÍ SINH HOẠT DỰ KIẾN ( VNĐ ) | E11: =SUM(E6:E10) -> 208320000

Sheet 3. So Sánh Hai Lộ Trình
A1: BẢNG ĐỐI CHIẾU CHI PHÍ: ĐẠI HỌC HIỆN TẠI vs ĐẠI HỌC FPT
A4: Giả định thời gian học tương đương: 4 năm (8 kỳ hiện tại / 9 kỳ FPT & 48 tháng sinh hoạt)
A5: Hạng Mục Phân Tích | B5: UNETI | C5: FPTU | D5: Chênh Lệch | E5: Ghi chú & Giả định
A6: Tổng Học Phí | B6: =8*13000000 -> 104000000 | C6: ='[1]1. Học Phí FPT (Lũy Tiến)'!H10 -> 197350000 | D6: =C6-B6 -> 93350000 | E6: Hiện tại: 8 kỳ x 13tr | FPT: 9 kỳ chuyên ngành + TA (Đã giảm 50%)
A7: Tổng Tiền Trọ (48 tháng) | B7: =48*3000000 -> 144000000 | C7: =48*1800000 -> 86400000 | D7: =C7-B7 -> -57600000 | E7: Hiện tại: 3tr/tháng | FPT: 1.8tr/tháng (Khu vực Hòa Lạc rẻ hơn)
A8: Tổng Tiền Ăn (48 tháng) | B8: =48*2500000 -> 120000000 | C8: =48*2000000 -> 96000000 | D8: =C8-B8 -> -24000000 | E8: Hiện tại: 2.5tr/tháng | FPT: 2tr/tháng (Ước tính)
A9: Phụ phí (Điện, nước, xăng, mạng) | B9: =48*1000000 -> 48000000 | C9: =48*1200000 -> 57600000 | D9: =C9-B9 -> 9600000 | E9: Ước tính phụ phí phát sinh thêm 1tr/tháng (HT) vs 1.2tr/tháng (FPT)
A10: TỔNG CHI PHÍ ƯỚC TÍNH | B10: =SUM(B6:B9) -> 416000000 | C10: =SUM(C6:C9) -> 437350000 | D10: =C10-B10 -> 21350000 | E10: Mức chênh lệch ròng giữa 2 quyết định
